drug,cardiotox_class,label_yes,label_yes_or_no,p_pred_bonferroni,panel_score,log_n_de,n_up_panel,n_down_panel,p_pred_fdr_panel,p_pred_5gene,p_pred_magnitude,p_pred_lodo_no_sharma,p_pred_lodo_no_burridge,p_pred_lodo_no_wuliu
afatinib,No,0,0.0,0.2277331257387396,0.13093779068982958,2.1806992012960347,31,50,0.24164628771544217,0.24405861846874563,0.29621311192294963,0.2180256123212267,0.15753941370149724,0.17467855298320265
amiodarone,ND,0,,0.24850783714471428,0.378754124425629,2.5859117103194342,31,50,0.22402489741139206,0.402038665149227,0.34024817755653053,0.22683846903864302,0.3434390460793001,0.4652777508810964
axitinib,No,0,0.0,0.22496043957632464,0.07597826160036245,2.0644579892269186,31,50,0.21257263016553596,0.20685290272034929,0.28451642641320324,0.24302874304541794,0.17861133700745682,0.15928198519542808
azacitidine,ND,0,,0.2521509061759129,0.4883289663201222,2.897352134344313,31,50,0.26852714181487675,0.23628875690595563,0.3778644079517461,0.23253989735475078,0.29150256275110303,0.26758170787327173
bevacizumab,Yes,1,1.0,0.18244554691637738,-0.030705541019636386,2.173186268412274,31,52,0.1882547689438385,0.18235601642516747,0.2781662912604329,0.19952302914229192,0.19411690702903436,0.18177325672592126
bortezomib,Yes,1,1.0,0.8999031372162433,4.679904225267304,3.9301336458411176,31,50,0.8619191146025194,0.5696417421710235,0.45526859497685657,0.8702026031850504,0.6898805290594189,0.6478506073581397
bosutinib,No,0,0.0,0.25557473560904403,0.5010801929975013,2.874916474431565,31,50,0.2454671174483548,0.23294937660599055,0.37503682214113226,0.2754188079463795,0.2870298774013232,0.23634260790489364
cabozantinib,No,0,0.0,0.2758477669255286,0.3807152024180198,2.1161648123007946,31,50,0.23854957991522463,0.2494107967837069,0.2896704934175336,0.2712203089443764,0.2133083593980438,0.23516296601342784
carfilzomib,Yes,1,1.0,0.9666268228931721,5.823484146453668,3.9648345364427606,31,50,0.9513905173600326,0.6715185835244102,0.4585090303065453,0.9544353378862682,0.9597205452576729,0.910745327084946
ceritinib,No,0,0.0,0.44120149280177373,1.3956753411545,3.252707433007282,31,50,0.46233342816723044,0.22282658976335867,0.4252473483415373,0.36710950872049164,0.6305051156802086,0.5819362071296542
cetuximab,No,0,0.0,0.2089814472355707,-0.025373438879775903,2.0638335542064703,31,50,0.21604870392868458,0.22446467719218788,0.28445465635678746,0.20279793209226846,0.1842503426245895,0.22605129742822144
crizotinib,No,0,0.0,0.1775014528063423,-0.26107108402794044,2.0136796972911926,31,50,0.20888178844941765,0.21817611262150563,0.2795298046064541,0.1864925849820968,0.12247326068049215,0.11275196026329903
cyclosporine,ND,0,,0.20033377077609166,-0.025674253137874192,2.239716468579862,31,50,0.20224670894037672,0.222827570281934,0.30230528776090654,0.18787533518853586,0.162070355763715,0.14285980038524548
dabrafenib,Yes,1,1.0,0.20501758627350938,0.20361258925938744,2.5698418994037615,32,51,0.25417742157096546,0.027607750928039243,0.32006716750542213,0.20035498020339568,0.2942086758946229,0.2518018386400138
dasatinib,No,0,0.0,0.3998579187196935,0.8750072513041803,1.9405164849325673,31,50,0.31068641898987903,0.816529548982095,0.2724729668268695,0.405712434556919,0.160802309115664,0.14499325099671875
daunorubicin,Yes,1,1.0,0.9973101584626602,8.44339141421203,3.9953499581074046,31,50,0.9952023582930147,0.9977473559597001,0.46135051307633795,0.9930003137330448,0.9833600072571232,0.9891111386340059
decitabine,ND,0,,0.21435737489003917,0.16686272381739822,2.563243701140398,31,50,0.24118670464332745,0.21506534170358052,0.3376435262417173,0.2504087813154215,0.2578442907975682,0.22805727040006055
delavirdine,ND,0,,0.2759087775286823,0.5655373557151008,2.7172543127625497,31,50,0.27292553977981604,0.27227203936031,0.3556891244481153,0.28887163411226396,0.2388046277008444,0.23753723169953378
diclofenac,ND,0,,0.16457953137099446,-0.16138740175223687,2.643945912748067,31,50,0.20198257946031825,0.20869425038129333,0.346996757767379,0.18677290746872335,0.11553586770416065,0.09114726866273207
dobutamine,ND,0,,0.217367234100752,-0.04771615483173742,1.8375884382355112,31,50,0.21417510590819225,0.22931039959507957,0.26279513018355527,0.21802128218517702,0.17190213276618016,0.16764275695949007
doxorubicin,Yes,1,1.0,0.9931882703096993,7.413577057218106,3.9184890409200652,30,50,0.9907728882200095,0.9929737849722252,0.4541789815206574,0.9818468801131321,0.9904116856694269,0.7916951604271102
endothelin-1,ND,0,,0.21386324229415568,0.29140497972018914,3.006551609086648,31,50,0.2204244000096297,0.1674497595140673,0.39189898184511207,0.2460329852997573,0.3729624948347818,0.25380576444459024
epirubicin,Yes,1,1.0,0.8711925263469034,4.419220910307681,3.9104242845499395,31,51,0.814447968924831,0.9250821856248236,0.4534236857094025,0.8499293717991285,0.37013389722049966,0.6303048191899687
erlotinib,No,0,0.0,0.29910914845758246,0.6841698619388803,2.7244806771885997,31,50,0.3121275762375535,0.22275782059538574,0.3565562524225656,0.2793885035556938,0.27641168724449283,0.35251369892962636
estradiol,ND,0,,0.22602592895256318,-0.0002295768091128969,1.8195439355418688,31,50,0.22990338457545134,0.25783346691332265,0.2611279851047651,0.22771606404642478,0.2116075938078665,0.2122611862934173
flecainide,ND,0,,0.24662525858336976,0.4070890725921478,2.7193312869837265,31,50,0.23567441679255147,0.25298013983439305,0.3559381606843448,0.26230593242695305,0.20019473583167463,0.19830814855314344
gefitinib,No,0,0.0,0.207876979488412,0.04965133102874719,2.3188977146274867,31,50,0.2342675948572244,0.2253502936790646,0.31064600466769804,0.2127118985420236,0.15373930632026883,0.17943998224552266
idarubicin,Yes,1,1.0,0.9883678562631951,6.841563158750868,3.7783321687290647,31,50,0.9707195690290593,0.9870976398376622,0.4409749705566201,0.9389062853645158,0.9964508350500622,0.8569308966391777
imatinib,No,0,0.0,0.21014023350895122,0.023874322122609138,2.1917303933628562,31,50,0.20456454230240176,0.23948536554895924,0.29734385858299084,0.21542201378633033,0.2885720316753985,0.31363290211513156
insulin-like growth factor 1,ND,0,,0.20208574452771821,0.0031891906427158386,2.2933625547114453,31,50,0.17927106092213752,0.2201515024123631,0.3079350331057893,0.22518758897140645,0.24332275215412155,0.2480950076849402
isoprenaline,ND,0,,0.18136610377415607,-0.3492654549042688,1.6697816152085365,31,50,0.23895520893260683,0.220963063827115,0.24762159762300406,0.19578887247866716,0.1589806653798591,0.15358255114241262
lapatinib,Yes,1,1.0,0.26269823556170424,0.5451479574436687,2.4575791469957626,31,50,0.2663570923335454,0.22162734914561527,0.30827321415259995,0.20278650227902092,0.4609873033533313,0.34066514343121745
milrinone,ND,0,,0.20918866665820052,-0.08759433183972906,1.8740950906196796,31,50,0.21359704982384306,0.23993376740329764,0.2661947292397471,0.21092515917967722,0.14811049559816664,0.1566243760486242
nilotinib,No,0,0.0,0.26027329418473544,0.5254416279571981,2.8701697211364405,31,50,0.239401137419945,0.36688409293728724,0.3744409953752177,0.28537276283635105,0.639273235572076,0.6472176002274034
olmesartan,ND,0,,0.20117581742339166,0.05011247336245776,2.4632956099620027,31,50,0.20988509053963764,0.20593144396213475,0.3263648907153524,0.2139545203094343,0.2198238039958436,0.21201923502375283
pazopanib,Yes,1,1.0,0.24162858202346285,0.7644769547870962,3.196507791939696,31,50,0.22537783674774164,0.242968489407681,0.3843156662511915,0.1637072148217887,0.6780087386588423,0.6208301360849972
phenylephrine,ND,0,,0.2001027059914825,-0.1542845674449689,1.8549130223078556,31,50,0.20210439905929428,0.20563413418013626,0.2644039672304947,0.21243530333379665,0.18448987590932833,0.19030271503207546
pioglitazone,ND,0,,0.1805752303485043,0.07067303468213418,3.024321442141565,31,50,0.19989180941099272,0.17609969509193565,0.39422609997353825,0.21875694730246548,0.21147547884117066,0.17728184062454452
ponatinib,Yes,1,1.0,0.19237666249976945,0.16497534464735503,2.531904487367248,31,52,0.16395181275939927,0.3133955158074805,0.31608905586139174,0.2207301412677524,0.1796334664379727,0.18276316641223
prednisolone,ND,0,,0.23666881154334438,0.23965553270933698,2.3541084391474008,31,50,0.24974054683760638,0.2037856585928813,0.3144176718276179,0.22231975392845987,0.19698692107678717,0.17339904732594752
regorafenib,No,0,0.0,0.18488947361393077,-0.021956485626628885,2.5985169354268858,31,50,0.1962194278054371,0.263270066721767,0.3417041488544588,0.20271995037142707,0.15131195058906538,0.15090133306449435
rituximab,No,0,0.0,0.23973920383182046,0.22357376117341302,2.2461291256634364,31,50,0.23070342464281038,0.22140732601307334,0.3029736023553026,0.2516597641116229,0.27190427054791716,0.2891298623276846
rosiglitazone,ND,0,,0.18393667268160202,-0.10478076285304161,2.3517963068970236,31,50,0.22107562377980486,0.21207346290233958,0.3141688049607967,0.20077430427901383,0.19638995205307685,0.18110924400268397
ruxolitinib,No,0,0.0,0.2145212712544731,-0.030802665470007984,1.9403504384836305,31,50,0.2116694804650483,0.2659570895662099,0.27245712079838724,0.22523289585579057,0.23070275271199767,0.23100845613361243
saxagliptin,ND,0,,0.20514282307480555,0.037164265455332496,2.3364597338485296,31,50,0.2465827937262688,0.20244444739745027,0.3125223213569275,0.24203795876237946,0.2166044164513791,0.1903060246970219
sorafenib,Yes,1,1.0,0.21511255934440815,0.20702821338602412,2.2764618041732443,31,52,0.17678360650351424,0.2328393265107383,0.2891273209223348,0.2309433465463576,0.22422255742074026,0.20489639927193537
sunitinib,Yes,1,1.0,0.23480330569754035,0.2954204675417182,2.200941650254683,31,50,0.22013362548351095,0.2539963773850761,0.28111408928332854,0.23122523320248006,0.23523301421288695,0.24227551649572768
tnf-alpha,ND,0,,0.2517541851946405,0.047848030283746366,1.5336026106721106,31,50,0.25069473145970794,0.24603683965934323,0.23583666215480134,0.2639932774960894,0.32474259623478585,0.3407092969089454
tofacitinib,No,0,0.0,0.20458454713415158,-0.08257141040527585,1.9786369483844743,31,50,0.24337342711440144,0.23609114693322353,0.2761311191520114,0.21397376761656822,0.1389312525121766,0.1492763820966241
trametinib,Yes,1,1.0,0.1882251291112169,0.3113298839213563,2.925956349861239,31,50,0.21917403819693282,0.17889980357441787,0.3569519738346562,0.15843797677131483,0.13478154208323406,0.19746479076474954
trastuzumab,Yes,1,1.0,0.1489359675733662,-0.16695152493113227,2.4103553834344704,31,50,0.18353989086498404,0.18344619029654075,0.30329353947782595,0.15251024730321389,0.1487447220147004,0.19081247012474475
vandetanib,Yes,1,1.0,0.19042035785948686,0.05243271590990521,2.267953536862395,31,51,0.2218670669293622,0.20665372355080475,0.2882251976924718,0.208011008256891,0.14005736859478266,0.14013428424080562
vemurafenib,No,0,0.0,0.2854741386107169,0.44525247593651074,2.161966616364075,31,50,0.23279200364800448,0.26309214017557975,0.29430126210022106,0.2745405731965489,0.24560575291003695,0.2789145999551099
verapamil,ND,0,,0.23925692222479755,0.3468464324250072,2.6580113966571126,31,50,0.2280093050070387,0.4045025023489982,0.34864992274474405,0.245415748261255,0.1659215283614234,0.2204247873697917
